2026-08-07 23:13:53.020929,the smallest twisted in turn on the bed Hulk press the pencil so but not the best one I was for a perfect the beauty of the views on the young boy swim in the,Positive,Neutral,Low,General Inquiry
2026-08-07 23:14:27.971849,the smallest twisted in turn on the bed Hulk press the pencil so but not the best one I was for a perfect the beauty of the views on the young boy swim in the,Positive,Neutral,Low,General Inquiry
2026-08-08 21:30:58.030934,the smallest twisted in turn on the bed Hulk press the pencil so but not the best one I was for a perfect the beauty of the views on the young boy swim in the,Positive,Neutral,Low,General Inquiry
2026-08-08 21:33:09.861497,the smallest twisted in turn on the bed Hulk press the pencil so but not the best one I was for a perfect the beauty of the views on the young boy swim in the,Positive,Neutral,Low,General Inquiry
2026-08-08 21:33:16.224735,the smallest twisted in turn on the bed Hulk press the pencil so but not the best one I was for a perfect the beauty of the views on the young boy swim in the,Positive,Neutral,Low,General Inquiry
2026-08-08 21:38:41.930954,the smallest twisted in turn on the bed Hulk press the pencil so but not the best one I was for a perfect the beauty of the views on the young boy swim in the,Positive,Neutral,Low,General Inquiry
2026-08-08 21:55:52.740301,the birds can use split on the smooth things clear background makes fine punch the box was done by the park trucks a large size is starting,Positive,Neutral,Low,General Inquiry
2026-08-08 21:57:31.756508,the birds can use split on the smooth things clear background makes fine punch the box was done by the park trucks a large size is starting,Positive,Neutral,Low,General Inquiry
2026-08-08 22:09:35.731310,the smallest twisted in turn on the bed Hulk press the pencil so but not the best one I was for a perfect the beauty of the views on the young boy swim in the,Positive,Neutral,Low,General Inquiry
2026-08-08 22:10:01.144391,the smallest twisted in turn on the bed Hulk press the pencil so but not the best one I was for a perfect the beauty of the views on the young boy swim in the,Positive,Neutral,Low,General Inquiry
